"sourceNode","targetNode"
"Callee(/home/osboxes/desynchronizer/codeql-home/codeql/javascript/tools/data/externs/es/es6.js:<1105,43>--<1105,52>)","Fun(/home/osboxes/desynchronizer/consola/test/consola.test.js:<61,22>--<63,3>)"
"Callee(/home/osboxes/desynchronizer/codeql-home/codeql/javascript/tools/data/externs/lib/jest.js:<30,35>--<30,38>)","Fun(/home/osboxes/desynchronizer/consola/test/require.test.js:<2,13>--<5,3>)"
"Callee(/home/osboxes/desynchronizer/codeql-home/codeql/javascript/tools/data/externs/lib/jest.js:<38,31>--<38,34>)","Fun(/home/osboxes/desynchronizer/consola/test/assign-reference.test.js:<3,33>--<106,1>)"
"Callee(/home/osboxes/desynchronizer/codeql-home/codeql/javascript/tools/data/externs/lib/jest.js:<38,31>--<38,34>)","Fun(/home/osboxes/desynchronizer/consola/test/consola.test.js:<3,21>--<58,1>)"
"Callee(/home/osboxes/desynchronizer/codeql-home/codeql/javascript/tools/data/externs/lib/jest.js:<38,31>--<38,34>)","Fun(/home/osboxes/desynchronizer/consola/test/require.test.js:<1,21>--<48,1>)"
"Callee(/home/osboxes/desynchronizer/codeql-home/codeql/javascript/tools/data/externs/lib/jest.js:<45,36>--<45,39>)","Fun(/home/osboxes/desynchronizer/consola/test/assign-reference.test.js:<4,35>--<44,3>)"
"Callee(/home/osboxes/desynchronizer/codeql-home/codeql/javascript/tools/data/externs/lib/jest.js:<45,36>--<45,39>)","Fun(/home/osboxes/desynchronizer/consola/test/assign-reference.test.js:<46,31>--<74,3>)"
"Callee(/home/osboxes/desynchronizer/codeql-home/codeql/javascript/tools/data/externs/lib/jest.js:<45,36>--<45,39>)","Fun(/home/osboxes/desynchronizer/consola/test/assign-reference.test.js:<76,47>--<84,3>)"
"Callee(/home/osboxes/desynchronizer/codeql-home/codeql/javascript/tools/data/externs/lib/jest.js:<45,36>--<45,39>)","Fun(/home/osboxes/desynchronizer/consola/test/assign-reference.test.js:<86,52>--<94,3>)"
"Callee(/home/osboxes/desynchronizer/codeql-home/codeql/javascript/tools/data/externs/lib/jest.js:<45,36>--<45,39>)","Fun(/home/osboxes/desynchronizer/consola/test/assign-reference.test.js:<96,52>--<105,3>)"
"Callee(/home/osboxes/desynchronizer/codeql-home/codeql/javascript/tools/data/externs/lib/jest.js:<45,36>--<45,39>)","Fun(/home/osboxes/desynchronizer/consola/test/consola.test.js:<4,25>--<12,3>)"
"Callee(/home/osboxes/desynchronizer/codeql-home/codeql/javascript/tools/data/externs/lib/jest.js:<45,36>--<45,39>)","Fun(/home/osboxes/desynchronizer/consola/test/consola.test.js:<14,47>--<34,3>)"
"Callee(/home/osboxes/desynchronizer/codeql-home/codeql/javascript/tools/data/externs/lib/jest.js:<45,36>--<45,39>)","Fun(/home/osboxes/desynchronizer/consola/test/consola.test.js:<36,44>--<57,3>)"
"Callee(/home/osboxes/desynchronizer/codeql-home/codeql/javascript/tools/data/externs/lib/jest.js:<45,36>--<45,39>)","Fun(/home/osboxes/desynchronizer/consola/test/require.test.js:<7,42>--<13,3>)"
"Callee(/home/osboxes/desynchronizer/codeql-home/codeql/javascript/tools/data/externs/lib/jest.js:<45,36>--<45,39>)","Fun(/home/osboxes/desynchronizer/consola/test/require.test.js:<15,53>--<24,3>)"
"Callee(/home/osboxes/desynchronizer/codeql-home/codeql/javascript/tools/data/externs/lib/jest.js:<45,36>--<45,39>)","Fun(/home/osboxes/desynchronizer/consola/test/require.test.js:<26,58>--<33,3>)"
"Callee(/home/osboxes/desynchronizer/codeql-home/codeql/javascript/tools/data/externs/lib/jest.js:<45,36>--<45,39>)","Fun(/home/osboxes/desynchronizer/consola/test/require.test.js:<35,58>--<47,3>)"
"Callee(/home/osboxes/desynchronizer/codeql-home/codeql/javascript/tools/data/externs/nodejs/globals.js:<715,54>--<715,57>)","Fun(/home/osboxes/desynchronizer/consola/test/assign-reference.test.js:<7,7>--<9,7>)"
"Callee(/home/osboxes/desynchronizer/codeql-home/codeql/javascript/tools/data/externs/nodejs/globals.js:<715,54>--<715,57>)","Fun(/home/osboxes/desynchronizer/consola/test/assign-reference.test.js:<48,7>--<51,7>)"
"Callee(/home/osboxes/desynchronizer/codeql-home/codeql/javascript/tools/data/externs/nodejs/globals.js:<715,54>--<715,57>)","Fun(/home/osboxes/desynchronizer/consola/test/assign-reference.test.js:<77,21>--<77,20>)"
"Callee(/home/osboxes/desynchronizer/codeql-home/codeql/javascript/tools/data/externs/nodejs/globals.js:<715,54>--<715,57>)","Fun(/home/osboxes/desynchronizer/consola/test/assign-reference.test.js:<87,21>--<87,20>)"
"Callee(/home/osboxes/desynchronizer/codeql-home/codeql/javascript/tools/data/externs/nodejs/globals.js:<715,54>--<715,57>)","Fun(/home/osboxes/desynchronizer/consola/test/assign-reference.test.js:<99,41>--<99,40>)"
"Callee(/home/osboxes/desynchronizer/consola/test/assign-reference.test.js:<3,1>--<106,2>)","Fun(/home/osboxes/desynchronizer/codeql-home/codeql/javascript/tools/data/externs/lib/bdd.js:<51,1>--<51,26>)"
"Callee(/home/osboxes/desynchronizer/consola/test/assign-reference.test.js:<3,1>--<106,2>)","Fun(/home/osboxes/desynchronizer/codeql-home/codeql/javascript/tools/data/externs/lib/jest.js:<38,1>--<38,37>)"
"Callee(/home/osboxes/desynchronizer/consola/test/assign-reference.test.js:<4,3>--<44,4>)","Fun(/home/osboxes/desynchronizer/codeql-home/codeql/javascript/tools/data/externs/lib/bdd.js:<90,1>--<90,22>)"
"Callee(/home/osboxes/desynchronizer/consola/test/assign-reference.test.js:<4,3>--<44,4>)","Fun(/home/osboxes/desynchronizer/codeql-home/codeql/javascript/tools/data/externs/lib/jest.js:<45,1>--<45,42>)"
"Callee(/home/osboxes/desynchronizer/consola/test/assign-reference.test.js:<5,15>--<5,28>)","Fun(/home/osboxes/desynchronizer/codeql-home/codeql/javascript/tools/data/externs/es/es3.js:<41,1>--<41,35>)"
"Callee(/home/osboxes/desynchronizer/consola/test/assign-reference.test.js:<21,22>--<21,49>)","Fun(/home/osboxes/desynchronizer/consola/test/assign-reference.test.js:<7,7>--<9,7>)"
"Callee(/home/osboxes/desynchronizer/consola/test/assign-reference.test.js:<22,5>--<22,19>)","Fun(/home/osboxes/desynchronizer/consola/test/assign-reference.test.js:<11,7>--<13,7>)"
"Callee(/home/osboxes/desynchronizer/consola/test/assign-reference.test.js:<22,5>--<22,19>)","Fun(/home/osboxes/desynchronizer/consola/test/assign-reference.test.js:<15,7>--<17,7>)"
"Callee(/home/osboxes/desynchronizer/consola/test/assign-reference.test.js:<24,19>--<24,42>)","Fun(/home/osboxes/desynchronizer/codeql-home/codeql/javascript/tools/data/externs/es/es5.js:<255,18>--<255,62>)"
"Callee(/home/osboxes/desynchronizer/consola/test/assign-reference.test.js:<27,22>--<27,49>)","Fun(/home/osboxes/desynchronizer/consola/test/assign-reference.test.js:<7,7>--<9,7>)"
"Callee(/home/osboxes/desynchronizer/consola/test/assign-reference.test.js:<28,5>--<28,19>)","Fun(/home/osboxes/desynchronizer/consola/test/assign-reference.test.js:<11,7>--<13,7>)"
"Callee(/home/osboxes/desynchronizer/consola/test/assign-reference.test.js:<28,5>--<28,19>)","Fun(/home/osboxes/desynchronizer/consola/test/assign-reference.test.js:<15,7>--<17,7>)"
"Callee(/home/osboxes/desynchronizer/consola/test/assign-reference.test.js:<31,5>--<31,39>)","Fun(/home/osboxes/desynchronizer/codeql-home/codeql/javascript/tools/data/externs/lib/jest.js:<80,9>--<80,28>)"
"Callee(/home/osboxes/desynchronizer/consola/test/assign-reference.test.js:<31,5>--<31,24>)","Fun(/home/osboxes/desynchronizer/codeql-home/codeql/javascript/tools/data/externs/lib/jest.js:<77,3>--<77,15>)"
"Callee(/home/osboxes/desynchronizer/consola/test/assign-reference.test.js:<31,5>--<31,20>)","Fun(/home/osboxes/desynchronizer/codeql-home/codeql/javascript/tools/data/externs/lib/bdd.js:<54,1>--<54,24>)"
"Callee(/home/osboxes/desynchronizer/consola/test/assign-reference.test.js:<31,5>--<31,20>)","Fun(/home/osboxes/desynchronizer/codeql-home/codeql/javascript/tools/data/externs/lib/jest.js:<61,1>--<61,26>)"
"Callee(/home/osboxes/desynchronizer/consola/test/assign-reference.test.js:<32,5>--<32,41>)","Fun(/home/osboxes/desynchronizer/codeql-home/codeql/javascript/tools/data/externs/lib/jest.js:<80,9>--<80,28>)"
"Callee(/home/osboxes/desynchronizer/consola/test/assign-reference.test.js:<32,5>--<32,27>)","Fun(/home/osboxes/desynchronizer/codeql-home/codeql/javascript/tools/data/externs/lib/bdd.js:<54,1>--<54,24>)"
"Callee(/home/osboxes/desynchronizer/consola/test/assign-reference.test.js:<32,5>--<32,27>)","Fun(/home/osboxes/desynchronizer/codeql-home/codeql/javascript/tools/data/externs/lib/jest.js:<61,1>--<61,26>)"
"Callee(/home/osboxes/desynchronizer/consola/test/assign-reference.test.js:<34,5>--<34,41>)","Fun(/home/osboxes/desynchronizer/codeql-home/codeql/javascript/tools/data/externs/lib/jest.js:<80,9>--<80,28>)"
"Callee(/home/osboxes/desynchronizer/consola/test/assign-reference.test.js:<34,5>--<34,26>)","Fun(/home/osboxes/desynchronizer/codeql-home/codeql/javascript/tools/data/externs/lib/bdd.js:<54,1>--<54,24>)"
"Callee(/home/osboxes/desynchronizer/consola/test/assign-reference.test.js:<34,5>--<34,26>)","Fun(/home/osboxes/desynchronizer/codeql-home/codeql/javascript/tools/data/externs/lib/jest.js:<61,1>--<61,26>)"
"Callee(/home/osboxes/desynchronizer/consola/test/assign-reference.test.js:<35,5>--<35,45>)","Fun(/home/osboxes/desynchronizer/codeql-home/codeql/javascript/tools/data/externs/lib/jest.js:<80,9>--<80,28>)"
"Callee(/home/osboxes/desynchronizer/consola/test/assign-reference.test.js:<35,5>--<35,30>)","Fun(/home/osboxes/desynchronizer/codeql-home/codeql/javascript/tools/data/externs/lib/jest.js:<77,3>--<77,15>)"
"Callee(/home/osboxes/desynchronizer/consola/test/assign-reference.test.js:<35,5>--<35,26>)","Fun(/home/osboxes/desynchronizer/codeql-home/codeql/javascript/tools/data/externs/lib/bdd.js:<54,1>--<54,24>)"
"Callee(/home/osboxes/desynchronizer/consola/test/assign-reference.test.js:<35,5>--<35,26>)","Fun(/home/osboxes/desynchronizer/codeql-home/codeql/javascript/tools/data/externs/lib/jest.js:<61,1>--<61,26>)"
"Callee(/home/osboxes/desynchronizer/consola/test/assign-reference.test.js:<36,5>--<36,45>)","Fun(/home/osboxes/desynchronizer/codeql-home/codeql/javascript/tools/data/externs/lib/jest.js:<80,9>--<80,28>)"
"Callee(/home/osboxes/desynchronizer/consola/test/assign-reference.test.js:<36,5>--<36,30>)","Fun(/home/osboxes/desynchronizer/codeql-home/codeql/javascript/tools/data/externs/lib/jest.js:<77,3>--<77,15>)"
"Callee(/home/osboxes/desynchronizer/consola/test/assign-reference.test.js:<36,5>--<36,26>)","Fun(/home/osboxes/desynchronizer/codeql-home/codeql/javascript/tools/data/externs/lib/bdd.js:<54,1>--<54,24>)"
"Callee(/home/osboxes/desynchronizer/consola/test/assign-reference.test.js:<36,5>--<36,26>)","Fun(/home/osboxes/desynchronizer/codeql-home/codeql/javascript/tools/data/externs/lib/jest.js:<61,1>--<61,26>)"
"Callee(/home/osboxes/desynchronizer/consola/test/assign-reference.test.js:<38,5>--<38,55>)","Fun(/home/osboxes/desynchronizer/codeql-home/codeql/javascript/tools/data/externs/lib/jest.js:<80,9>--<80,28>)"
"Callee(/home/osboxes/desynchronizer/consola/test/assign-reference.test.js:<38,5>--<38,33>)","Fun(/home/osboxes/desynchronizer/codeql-home/codeql/javascript/tools/data/externs/lib/bdd.js:<54,1>--<54,24>)"
"Callee(/home/osboxes/desynchronizer/consola/test/assign-reference.test.js:<38,5>--<38,33>)","Fun(/home/osboxes/desynchronizer/codeql-home/codeql/javascript/tools/data/externs/lib/jest.js:<61,1>--<61,26>)"
"Callee(/home/osboxes/desynchronizer/consola/test/assign-reference.test.js:<38,12>--<38,32>)","Fun(/home/osboxes/desynchronizer/consola/test/assign-reference.test.js:<11,7>--<13,7>)"
"Callee(/home/osboxes/desynchronizer/consola/test/assign-reference.test.js:<38,12>--<38,32>)","Fun(/home/osboxes/desynchronizer/consola/test/assign-reference.test.js:<15,7>--<17,7>)"
"Callee(/home/osboxes/desynchronizer/consola/test/assign-reference.test.js:<38,40>--<38,54>)","Fun(/home/osboxes/desynchronizer/consola/test/assign-reference.test.js:<11,7>--<13,7>)"
"Callee(/home/osboxes/desynchronizer/consola/test/assign-reference.test.js:<38,40>--<38,54>)","Fun(/home/osboxes/desynchronizer/consola/test/assign-reference.test.js:<15,7>--<17,7>)"
"Callee(/home/osboxes/desynchronizer/consola/test/assign-reference.test.js:<39,5>--<39,55>)","Fun(/home/osboxes/desynchronizer/codeql-home/codeql/javascript/tools/data/externs/lib/jest.js:<80,9>--<80,28>)"
"Callee(/home/osboxes/desynchronizer/consola/test/assign-reference.test.js:<39,5>--<39,33>)","Fun(/home/osboxes/desynchronizer/codeql-home/codeql/javascript/tools/data/externs/lib/bdd.js:<54,1>--<54,24>)"
"Callee(/home/osboxes/desynchronizer/consola/test/assign-reference.test.js:<39,5>--<39,33>)","Fun(/home/osboxes/desynchronizer/codeql-home/codeql/javascript/tools/data/externs/lib/jest.js:<61,1>--<61,26>)"
"Callee(/home/osboxes/desynchronizer/consola/test/assign-reference.test.js:<39,12>--<39,32>)","Fun(/home/osboxes/desynchronizer/consola/test/assign-reference.test.js:<11,7>--<13,7>)"
"Callee(/home/osboxes/desynchronizer/consola/test/assign-reference.test.js:<39,12>--<39,32>)","Fun(/home/osboxes/desynchronizer/consola/test/assign-reference.test.js:<15,7>--<17,7>)"
"Callee(/home/osboxes/desynchronizer/consola/test/assign-reference.test.js:<39,40>--<39,54>)","Fun(/home/osboxes/desynchronizer/consola/test/assign-reference.test.js:<11,7>--<13,7>)"
"Callee(/home/osboxes/desynchronizer/consola/test/assign-reference.test.js:<39,40>--<39,54>)","Fun(/home/osboxes/desynchronizer/consola/test/assign-reference.test.js:<15,7>--<17,7>)"
"Callee(/home/osboxes/desynchronizer/consola/test/assign-reference.test.js:<40,5>--<40,59>)","Fun(/home/osboxes/desynchronizer/codeql-home/codeql/javascript/tools/data/externs/lib/jest.js:<80,9>--<80,28>)"
"Callee(/home/osboxes/desynchronizer/consola/test/assign-reference.test.js:<40,5>--<40,37>)","Fun(/home/osboxes/desynchronizer/codeql-home/codeql/javascript/tools/data/externs/lib/jest.js:<77,3>--<77,15>)"
"Callee(/home/osboxes/desynchronizer/consola/test/assign-reference.test.js:<40,5>--<40,33>)","Fun(/home/osboxes/desynchronizer/codeql-home/codeql/javascript/tools/data/externs/lib/bdd.js:<54,1>--<54,24>)"
"Callee(/home/osboxes/desynchronizer/consola/test/assign-reference.test.js:<40,5>--<40,33>)","Fun(/home/osboxes/desynchronizer/codeql-home/codeql/javascript/tools/data/externs/lib/jest.js:<61,1>--<61,26>)"
"Callee(/home/osboxes/desynchronizer/consola/test/assign-reference.test.js:<40,12>--<40,32>)","Fun(/home/osboxes/desynchronizer/consola/test/assign-reference.test.js:<11,7>--<13,7>)"
"Callee(/home/osboxes/desynchronizer/consola/test/assign-reference.test.js:<40,12>--<40,32>)","Fun(/home/osboxes/desynchronizer/consola/test/assign-reference.test.js:<15,7>--<17,7>)"
"Callee(/home/osboxes/desynchronizer/consola/test/assign-reference.test.js:<42,5>--<42,70>)","Fun(/home/osboxes/desynchronizer/codeql-home/codeql/javascript/tools/data/externs/lib/jest.js:<107,12>--<107,31>)"
"Callee(/home/osboxes/desynchronizer/consola/test/assign-reference.test.js:<42,5>--<42,36>)","Fun(/home/osboxes/desynchronizer/codeql-home/codeql/javascript/tools/data/externs/lib/bdd.js:<54,1>--<54,24>)"
"Callee(/home/osboxes/desynchronizer/consola/test/assign-reference.test.js:<42,5>--<42,36>)","Fun(/home/osboxes/desynchronizer/codeql-home/codeql/javascript/tools/data/externs/lib/jest.js:<61,1>--<61,26>)"
"Callee(/home/osboxes/desynchronizer/consola/test/assign-reference.test.js:<42,12>--<42,35>)","Fun(/home/osboxes/desynchronizer/codeql-home/codeql/javascript/tools/data/externs/es/es5.js:<255,18>--<255,62>)"
"Callee(/home/osboxes/desynchronizer/consola/test/assign-reference.test.js:<42,46>--<42,69>)","Fun(/home/osboxes/desynchronizer/codeql-home/codeql/javascript/tools/data/externs/es/es5.js:<255,18>--<255,62>)"
"Callee(/home/osboxes/desynchronizer/consola/test/assign-reference.test.js:<43,5>--<43,51>)","Fun(/home/osboxes/desynchronizer/codeql-home/codeql/javascript/tools/data/externs/lib/jest.js:<107,12>--<107,31>)"
"Callee(/home/osboxes/desynchronizer/consola/test/assign-reference.test.js:<43,5>--<43,36>)","Fun(/home/osboxes/desynchronizer/codeql-home/codeql/javascript/tools/data/externs/lib/bdd.js:<54,1>--<54,24>)"
"Callee(/home/osboxes/desynchronizer/consola/test/assign-reference.test.js:<43,5>--<43,36>)","Fun(/home/osboxes/desynchronizer/codeql-home/codeql/javascript/tools/data/externs/lib/jest.js:<61,1>--<61,26>)"
"Callee(/home/osboxes/desynchronizer/consola/test/assign-reference.test.js:<43,12>--<43,35>)","Fun(/home/osboxes/desynchronizer/codeql-home/codeql/javascript/tools/data/externs/es/es5.js:<255,18>--<255,62>)"
"Callee(/home/osboxes/desynchronizer/consola/test/assign-reference.test.js:<46,3>--<74,4>)","Fun(/home/osboxes/desynchronizer/codeql-home/codeql/javascript/tools/data/externs/lib/bdd.js:<90,1>--<90,22>)"
"Callee(/home/osboxes/desynchronizer/consola/test/assign-reference.test.js:<46,3>--<74,4>)","Fun(/home/osboxes/desynchronizer/codeql-home/codeql/javascript/tools/data/externs/lib/jest.js:<45,1>--<45,42>)"
"Callee(/home/osboxes/desynchronizer/consola/test/assign-reference.test.js:<50,19>--<50,38>)","Fun(/home/osboxes/desynchronizer/consola/test/assign-reference.test.js:<53,7>--<58,7>)"
"Callee(/home/osboxes/desynchronizer/consola/test/assign-reference.test.js:<57,16>--<57,28>)","Fun(/home/osboxes/desynchronizer/codeql-home/codeql/javascript/tools/data/externs/es/es5.js:<35,27>--<35,56>)"
"Callee(/home/osboxes/desynchronizer/consola/test/assign-reference.test.js:<57,16>--<57,28>)","Fun(/home/osboxes/desynchronizer/codeql-home/codeql/javascript/tools/data/externs/nodejs/globals.js:<715,32>--<715,60>)"
"Callee(/home/osboxes/desynchronizer/consola/test/assign-reference.test.js:<62,22>--<62,42>)","Fun(/home/osboxes/desynchronizer/consola/test/assign-reference.test.js:<48,7>--<51,7>)"
"Callee(/home/osboxes/desynchronizer/consola/test/assign-reference.test.js:<65,5>--<65,38>)","Fun(/home/osboxes/desynchronizer/codeql-home/codeql/javascript/tools/data/externs/lib/jest.js:<80,9>--<80,28>)"
"Callee(/home/osboxes/desynchronizer/consola/test/assign-reference.test.js:<65,5>--<65,25>)","Fun(/home/osboxes/desynchronizer/codeql-home/codeql/javascript/tools/data/externs/lib/bdd.js:<54,1>--<54,24>)"
"Callee(/home/osboxes/desynchronizer/consola/test/assign-reference.test.js:<65,5>--<65,25>)","Fun(/home/osboxes/desynchronizer/codeql-home/codeql/javascript/tools/data/externs/lib/jest.js:<61,1>--<61,26>)"
"Callee(/home/osboxes/desynchronizer/consola/test/assign-reference.test.js:<65,12>--<65,24>)","Fun(/home/osboxes/desynchronizer/codeql-home/codeql/javascript/tools/data/externs/lib/jest.js:<167,7>--<167,53>)"
"Callee(/home/osboxes/desynchronizer/consola/test/assign-reference.test.js:<65,12>--<65,24>)","Fun(/home/osboxes/desynchronizer/consola/test/assign-reference.test.js:<53,7>--<58,7>)"
"Callee(/home/osboxes/desynchronizer/consola/test/assign-reference.test.js:<68,22>--<68,42>)","Fun(/home/osboxes/desynchronizer/consola/test/assign-reference.test.js:<48,7>--<51,7>)"
"Callee(/home/osboxes/desynchronizer/consola/test/assign-reference.test.js:<71,5>--<71,38>)","Fun(/home/osboxes/desynchronizer/codeql-home/codeql/javascript/tools/data/externs/lib/jest.js:<80,9>--<80,28>)"
"Callee(/home/osboxes/desynchronizer/consola/test/assign-reference.test.js:<71,5>--<71,25>)","Fun(/home/osboxes/desynchronizer/codeql-home/codeql/javascript/tools/data/externs/lib/bdd.js:<54,1>--<54,24>)"
"Callee(/home/osboxes/desynchronizer/consola/test/assign-reference.test.js:<71,5>--<71,25>)","Fun(/home/osboxes/desynchronizer/codeql-home/codeql/javascript/tools/data/externs/lib/jest.js:<61,1>--<61,26>)"
"Callee(/home/osboxes/desynchronizer/consola/test/assign-reference.test.js:<71,12>--<71,24>)","Fun(/home/osboxes/desynchronizer/codeql-home/codeql/javascript/tools/data/externs/lib/jest.js:<167,7>--<167,53>)"
"Callee(/home/osboxes/desynchronizer/consola/test/assign-reference.test.js:<71,12>--<71,24>)","Fun(/home/osboxes/desynchronizer/consola/test/assign-reference.test.js:<53,7>--<58,7>)"
"Callee(/home/osboxes/desynchronizer/consola/test/assign-reference.test.js:<72,5>--<72,38>)","Fun(/home/osboxes/desynchronizer/codeql-home/codeql/javascript/tools/data/externs/lib/jest.js:<80,9>--<80,28>)"
"Callee(/home/osboxes/desynchronizer/consola/test/assign-reference.test.js:<72,5>--<72,25>)","Fun(/home/osboxes/desynchronizer/codeql-home/codeql/javascript/tools/data/externs/lib/bdd.js:<54,1>--<54,24>)"
"Callee(/home/osboxes/desynchronizer/consola/test/assign-reference.test.js:<72,5>--<72,25>)","Fun(/home/osboxes/desynchronizer/codeql-home/codeql/javascript/tools/data/externs/lib/jest.js:<61,1>--<61,26>)"
"Callee(/home/osboxes/desynchronizer/consola/test/assign-reference.test.js:<72,12>--<72,24>)","Fun(/home/osboxes/desynchronizer/codeql-home/codeql/javascript/tools/data/externs/lib/jest.js:<167,7>--<167,53>)"
"Callee(/home/osboxes/desynchronizer/consola/test/assign-reference.test.js:<72,12>--<72,24>)","Fun(/home/osboxes/desynchronizer/consola/test/assign-reference.test.js:<53,7>--<58,7>)"
"Callee(/home/osboxes/desynchronizer/consola/test/assign-reference.test.js:<73,5>--<73,44>)","Fun(/home/osboxes/desynchronizer/codeql-home/codeql/javascript/tools/data/externs/lib/jest.js:<80,9>--<80,28>)"
"Callee(/home/osboxes/desynchronizer/consola/test/assign-reference.test.js:<73,5>--<73,31>)","Fun(/home/osboxes/desynchronizer/codeql-home/codeql/javascript/tools/data/externs/lib/bdd.js:<54,1>--<54,24>)"
"Callee(/home/osboxes/desynchronizer/consola/test/assign-reference.test.js:<73,5>--<73,31>)","Fun(/home/osboxes/desynchronizer/codeql-home/codeql/javascript/tools/data/externs/lib/jest.js:<61,1>--<61,26>)"
"Callee(/home/osboxes/desynchronizer/consola/test/assign-reference.test.js:<73,12>--<73,30>)","Fun(/home/osboxes/desynchronizer/codeql-home/codeql/javascript/tools/data/externs/lib/jest.js:<167,7>--<167,53>)"
"Callee(/home/osboxes/desynchronizer/consola/test/assign-reference.test.js:<73,12>--<73,30>)","Fun(/home/osboxes/desynchronizer/consola/test/assign-reference.test.js:<53,7>--<58,7>)"
"Callee(/home/osboxes/desynchronizer/consola/test/assign-reference.test.js:<76,3>--<84,4>)","Fun(/home/osboxes/desynchronizer/codeql-home/codeql/javascript/tools/data/externs/lib/bdd.js:<90,1>--<90,22>)"
"Callee(/home/osboxes/desynchronizer/consola/test/assign-reference.test.js:<76,3>--<84,4>)","Fun(/home/osboxes/desynchronizer/codeql-home/codeql/javascript/tools/data/externs/lib/jest.js:<45,1>--<45,42>)"
"Callee(/home/osboxes/desynchronizer/consola/test/assign-reference.test.js:<79,22>--<79,36>)","Fun(/home/osboxes/desynchronizer/consola/test/assign-reference.test.js:<77,21>--<77,20>)"
"Callee(/home/osboxes/desynchronizer/consola/test/assign-reference.test.js:<81,5>--<83,42>)","Fun(/home/osboxes/desynchronizer/codeql-home/codeql/javascript/tools/data/externs/lib/jest.js:<113,12>--<113,31>)"
"Callee(/home/osboxes/desynchronizer/consola/test/assign-reference.test.js:<81,5>--<83,6>)","Fun(/home/osboxes/desynchronizer/codeql-home/codeql/javascript/tools/data/externs/lib/bdd.js:<54,1>--<54,24>)"
"Callee(/home/osboxes/desynchronizer/consola/test/assign-reference.test.js:<81,5>--<83,6>)","Fun(/home/osboxes/desynchronizer/codeql-home/codeql/javascript/tools/data/externs/lib/jest.js:<61,1>--<61,26>)"
"Callee(/home/osboxes/desynchronizer/consola/test/assign-reference.test.js:<86,3>--<94,4>)","Fun(/home/osboxes/desynchronizer/codeql-home/codeql/javascript/tools/data/externs/lib/bdd.js:<90,1>--<90,22>)"
"Callee(/home/osboxes/desynchronizer/consola/test/assign-reference.test.js:<86,3>--<94,4>)","Fun(/home/osboxes/desynchronizer/codeql-home/codeql/javascript/tools/data/externs/lib/jest.js:<45,1>--<45,42>)"
"Callee(/home/osboxes/desynchronizer/consola/test/assign-reference.test.js:<88,40>--<88,39>)","Fun(/home/osboxes/desynchronizer/consola/test/assign-reference.test.js:<87,21>--<87,20>)"
"Callee(/home/osboxes/desynchronizer/consola/test/assign-reference.test.js:<88,40>--<88,39>)","Fun(/home/osboxes/desynchronizer/consola/test/assign-reference.test.js:<97,21>--<97,20>)"
"Callee(/home/osboxes/desynchronizer/consola/test/assign-reference.test.js:<88,40>--<88,39>)","Fun(/home/osboxes/desynchronizer/consola/test/assign-reference.test.js:<98,40>--<98,39>)"
"Callee(/home/osboxes/desynchronizer/consola/test/assign-reference.test.js:<89,22>--<89,36>)","Fun(/home/osboxes/desynchronizer/consola/test/assign-reference.test.js:<87,21>--<87,20>)"
"Callee(/home/osboxes/desynchronizer/consola/test/assign-reference.test.js:<91,5>--<93,20>)","Fun(/home/osboxes/desynchronizer/codeql-home/codeql/javascript/tools/data/externs/lib/jest.js:<113,12>--<113,31>)"
"Callee(/home/osboxes/desynchronizer/consola/test/assign-reference.test.js:<91,5>--<93,10>)","Fun(/home/osboxes/desynchronizer/codeql-home/codeql/javascript/tools/data/externs/lib/jest.js:<77,3>--<77,15>)"
"Callee(/home/osboxes/desynchronizer/consola/test/assign-reference.test.js:<91,5>--<93,6>)","Fun(/home/osboxes/desynchronizer/codeql-home/codeql/javascript/tools/data/externs/lib/bdd.js:<54,1>--<54,24>)"
"Callee(/home/osboxes/desynchronizer/consola/test/assign-reference.test.js:<91,5>--<93,6>)","Fun(/home/osboxes/desynchronizer/codeql-home/codeql/javascript/tools/data/externs/lib/jest.js:<61,1>--<61,26>)"
"Callee(/home/osboxes/desynchronizer/consola/test/assign-reference.test.js:<96,3>--<105,4>)","Fun(/home/osboxes/desynchronizer/codeql-home/codeql/javascript/tools/data/externs/lib/bdd.js:<90,1>--<90,22>)"
"Callee(/home/osboxes/desynchronizer/consola/test/assign-reference.test.js:<96,3>--<105,4>)","Fun(/home/osboxes/desynchronizer/codeql-home/codeql/javascript/tools/data/externs/lib/jest.js:<45,1>--<45,42>)"
"Callee(/home/osboxes/desynchronizer/consola/test/assign-reference.test.js:<98,40>--<98,39>)","Fun(/home/osboxes/desynchronizer/consola/test/assign-reference.test.js:<87,21>--<87,20>)"
"Callee(/home/osboxes/desynchronizer/consola/test/assign-reference.test.js:<98,40>--<98,39>)","Fun(/home/osboxes/desynchronizer/consola/test/assign-reference.test.js:<97,21>--<97,20>)"
"Callee(/home/osboxes/desynchronizer/consola/test/assign-reference.test.js:<98,40>--<98,39>)","Fun(/home/osboxes/desynchronizer/consola/test/assign-reference.test.js:<98,40>--<98,39>)"
"Callee(/home/osboxes/desynchronizer/consola/test/assign-reference.test.js:<99,41>--<99,40>)","Fun(/home/osboxes/desynchronizer/consola/test/assign-reference.test.js:<87,21>--<87,20>)"
"Callee(/home/osboxes/desynchronizer/consola/test/assign-reference.test.js:<99,41>--<99,40>)","Fun(/home/osboxes/desynchronizer/consola/test/assign-reference.test.js:<97,21>--<97,20>)"
"Callee(/home/osboxes/desynchronizer/consola/test/assign-reference.test.js:<99,41>--<99,40>)","Fun(/home/osboxes/desynchronizer/consola/test/assign-reference.test.js:<98,40>--<98,39>)"
"Callee(/home/osboxes/desynchronizer/consola/test/assign-reference.test.js:<100,22>--<100,37>)","Fun(/home/osboxes/desynchronizer/consola/test/assign-reference.test.js:<99,41>--<99,40>)"
"Callee(/home/osboxes/desynchronizer/consola/test/assign-reference.test.js:<102,5>--<104,20>)","Fun(/home/osboxes/desynchronizer/codeql-home/codeql/javascript/tools/data/externs/lib/jest.js:<113,12>--<113,31>)"
"Callee(/home/osboxes/desynchronizer/consola/test/assign-reference.test.js:<102,5>--<104,10>)","Fun(/home/osboxes/desynchronizer/codeql-home/codeql/javascript/tools/data/externs/lib/jest.js:<77,3>--<77,15>)"
"Callee(/home/osboxes/desynchronizer/consola/test/assign-reference.test.js:<102,5>--<104,6>)","Fun(/home/osboxes/desynchronizer/codeql-home/codeql/javascript/tools/data/externs/lib/bdd.js:<54,1>--<54,24>)"
"Callee(/home/osboxes/desynchronizer/consola/test/assign-reference.test.js:<102,5>--<104,6>)","Fun(/home/osboxes/desynchronizer/codeql-home/codeql/javascript/tools/data/externs/lib/jest.js:<61,1>--<61,26>)"
"Callee(/home/osboxes/desynchronizer/consola/test/consola.test.js:<3,1>--<58,2>)","Fun(/home/osboxes/desynchronizer/codeql-home/codeql/javascript/tools/data/externs/lib/bdd.js:<51,1>--<51,26>)"
"Callee(/home/osboxes/desynchronizer/consola/test/consola.test.js:<3,1>--<58,2>)","Fun(/home/osboxes/desynchronizer/codeql-home/codeql/javascript/tools/data/externs/lib/jest.js:<38,1>--<38,37>)"
"Callee(/home/osboxes/desynchronizer/consola/test/consola.test.js:<4,3>--<12,4>)","Fun(/home/osboxes/desynchronizer/codeql-home/codeql/javascript/tools/data/externs/lib/bdd.js:<90,1>--<90,22>)"
"Callee(/home/osboxes/desynchronizer/consola/test/consola.test.js:<4,3>--<12,4>)","Fun(/home/osboxes/desynchronizer/codeql-home/codeql/javascript/tools/data/externs/lib/jest.js:<45,1>--<45,42>)"
"Callee(/home/osboxes/desynchronizer/consola/test/consola.test.js:<6,5>--<6,33>)","Fun(/home/osboxes/desynchronizer/codeql-home/codeql/javascript/tools/data/externs/lib/jest.js:<80,9>--<80,28>)"
"Callee(/home/osboxes/desynchronizer/consola/test/consola.test.js:<6,5>--<6,25>)","Fun(/home/osboxes/desynchronizer/codeql-home/codeql/javascript/tools/data/externs/lib/bdd.js:<54,1>--<54,24>)"
"Callee(/home/osboxes/desynchronizer/consola/test/consola.test.js:<6,5>--<6,25>)","Fun(/home/osboxes/desynchronizer/codeql-home/codeql/javascript/tools/data/externs/lib/jest.js:<61,1>--<61,26>)"
"Callee(/home/osboxes/desynchronizer/consola/test/consola.test.js:<10,7>--<10,35>)","Fun(/home/osboxes/desynchronizer/codeql-home/codeql/javascript/tools/data/externs/lib/jest.js:<80,9>--<80,28>)"
"Callee(/home/osboxes/desynchronizer/consola/test/consola.test.js:<10,7>--<10,27>)","Fun(/home/osboxes/desynchronizer/codeql-home/codeql/javascript/tools/data/externs/lib/bdd.js:<54,1>--<54,24>)"
"Callee(/home/osboxes/desynchronizer/consola/test/consola.test.js:<10,7>--<10,27>)","Fun(/home/osboxes/desynchronizer/codeql-home/codeql/javascript/tools/data/externs/lib/jest.js:<61,1>--<61,26>)"
"Callee(/home/osboxes/desynchronizer/consola/test/consola.test.js:<14,3>--<34,4>)","Fun(/home/osboxes/desynchronizer/codeql-home/codeql/javascript/tools/data/externs/lib/bdd.js:<90,1>--<90,22>)"
"Callee(/home/osboxes/desynchronizer/consola/test/consola.test.js:<14,3>--<34,4>)","Fun(/home/osboxes/desynchronizer/codeql-home/codeql/javascript/tools/data/externs/lib/jest.js:<45,1>--<45,42>)"
"Callee(/home/osboxes/desynchronizer/consola/test/consola.test.js:<18,9>--<18,25>)","Fun(/home/osboxes/desynchronizer/codeql-home/codeql/javascript/tools/data/externs/es/es3.js:<619,24>--<619,44>)"
"Callee(/home/osboxes/desynchronizer/consola/test/consola.test.js:<26,9>--<26,26>)","Fun(/home/osboxes/desynchronizer/consola/test/consola.test.js:<16,24>--<16,23>)"
"Callee(/home/osboxes/desynchronizer/consola/test/consola.test.js:<30,7>--<30,25>)","Fun(/home/osboxes/desynchronizer/codeql-home/codeql/javascript/tools/data/externs/es/es3.js:<1117,12>--<1117,25>)"
"Callee(/home/osboxes/desynchronizer/consola/test/consola.test.js:<30,7>--<30,25>)","Fun(/home/osboxes/desynchronizer/codeql-home/codeql/javascript/tools/data/externs/nodejs/globals.js:<1962,25>--<1962,60>)"
"Callee(/home/osboxes/desynchronizer/consola/test/consola.test.js:<30,7>--<30,25>)","Fun(/home/osboxes/desynchronizer/codeql-home/codeql/javascript/tools/data/externs/nodejs/globals.js:<1968,25>--<1968,45>)"
"Callee(/home/osboxes/desynchronizer/consola/test/consola.test.js:<30,7>--<30,25>)","Fun(/home/osboxes/desynchronizer/consola/test/consola.test.js:<17,7>--<19,7>)"
"Callee(/home/osboxes/desynchronizer/consola/test/consola.test.js:<30,7>--<30,25>)","Fun(/home/osboxes/desynchronizer/consola/test/consola.test.js:<39,7>--<41,7>)"
"Callee(/home/osboxes/desynchronizer/consola/test/consola.test.js:<32,11>--<32,19>)","Fun(/home/osboxes/desynchronizer/consola/test/consola.test.js:<60,1>--<64,1>)"
"Callee(/home/osboxes/desynchronizer/consola/test/consola.test.js:<33,5>--<33,31>)","Fun(/home/osboxes/desynchronizer/codeql-home/codeql/javascript/tools/data/externs/lib/jest.js:<80,9>--<80,28>)"
"Callee(/home/osboxes/desynchronizer/consola/test/consola.test.js:<33,5>--<33,23>)","Fun(/home/osboxes/desynchronizer/codeql-home/codeql/javascript/tools/data/externs/lib/bdd.js:<54,1>--<54,24>)"
"Callee(/home/osboxes/desynchronizer/consola/test/consola.test.js:<33,5>--<33,23>)","Fun(/home/osboxes/desynchronizer/codeql-home/codeql/javascript/tools/data/externs/lib/jest.js:<61,1>--<61,26>)"
"Callee(/home/osboxes/desynchronizer/consola/test/consola.test.js:<36,3>--<57,4>)","Fun(/home/osboxes/desynchronizer/codeql-home/codeql/javascript/tools/data/externs/lib/bdd.js:<90,1>--<90,22>)"
"Callee(/home/osboxes/desynchronizer/consola/test/consola.test.js:<36,3>--<57,4>)","Fun(/home/osboxes/desynchronizer/codeql-home/codeql/javascript/tools/data/externs/lib/jest.js:<45,1>--<45,42>)"
"Callee(/home/osboxes/desynchronizer/consola/test/consola.test.js:<40,9>--<40,25>)","Fun(/home/osboxes/desynchronizer/codeql-home/codeql/javascript/tools/data/externs/es/es3.js:<619,24>--<619,44>)"
"Callee(/home/osboxes/desynchronizer/consola/test/consola.test.js:<47,9>--<47,26>)","Fun(/home/osboxes/desynchronizer/consola/test/consola.test.js:<38,24>--<38,23>)"
"Callee(/home/osboxes/desynchronizer/consola/test/consola.test.js:<51,7>--<51,25>)","Fun(/home/osboxes/desynchronizer/codeql-home/codeql/javascript/tools/data/externs/es/es3.js:<1117,12>--<1117,25>)"
"Callee(/home/osboxes/desynchronizer/consola/test/consola.test.js:<51,7>--<51,25>)","Fun(/home/osboxes/desynchronizer/codeql-home/codeql/javascript/tools/data/externs/nodejs/globals.js:<1962,25>--<1962,60>)"
"Callee(/home/osboxes/desynchronizer/consola/test/consola.test.js:<51,7>--<51,25>)","Fun(/home/osboxes/desynchronizer/codeql-home/codeql/javascript/tools/data/externs/nodejs/globals.js:<1968,25>--<1968,45>)"
"Callee(/home/osboxes/desynchronizer/consola/test/consola.test.js:<51,7>--<51,25>)","Fun(/home/osboxes/desynchronizer/consola/test/consola.test.js:<17,7>--<19,7>)"
"Callee(/home/osboxes/desynchronizer/consola/test/consola.test.js:<51,7>--<51,25>)","Fun(/home/osboxes/desynchronizer/consola/test/consola.test.js:<39,7>--<41,7>)"
"Callee(/home/osboxes/desynchronizer/consola/test/consola.test.js:<53,11>--<53,19>)","Fun(/home/osboxes/desynchronizer/consola/test/consola.test.js:<60,1>--<64,1>)"
"Callee(/home/osboxes/desynchronizer/consola/test/consola.test.js:<54,5>--<54,31>)","Fun(/home/osboxes/desynchronizer/codeql-home/codeql/javascript/tools/data/externs/lib/jest.js:<80,9>--<80,28>)"
"Callee(/home/osboxes/desynchronizer/consola/test/consola.test.js:<54,5>--<54,23>)","Fun(/home/osboxes/desynchronizer/codeql-home/codeql/javascript/tools/data/externs/lib/bdd.js:<54,1>--<54,24>)"
"Callee(/home/osboxes/desynchronizer/consola/test/consola.test.js:<54,5>--<54,23>)","Fun(/home/osboxes/desynchronizer/codeql-home/codeql/javascript/tools/data/externs/lib/jest.js:<61,1>--<61,26>)"
"Callee(/home/osboxes/desynchronizer/consola/test/consola.test.js:<56,5>--<56,78>)","Fun(/home/osboxes/desynchronizer/codeql-home/codeql/javascript/tools/data/externs/lib/jest.js:<107,12>--<107,31>)"
"Callee(/home/osboxes/desynchronizer/consola/test/consola.test.js:<56,5>--<56,38>)","Fun(/home/osboxes/desynchronizer/codeql-home/codeql/javascript/tools/data/externs/lib/bdd.js:<54,1>--<54,24>)"
"Callee(/home/osboxes/desynchronizer/consola/test/consola.test.js:<56,5>--<56,38>)","Fun(/home/osboxes/desynchronizer/codeql-home/codeql/javascript/tools/data/externs/lib/jest.js:<61,1>--<61,26>)"
"Callee(/home/osboxes/desynchronizer/consola/test/consola.test.js:<61,10>--<63,4>)","Fun(/home/osboxes/desynchronizer/codeql-home/codeql/javascript/tools/data/externs/es/es6.js:<1105,1>--<1105,55>)"
"Callee(/home/osboxes/desynchronizer/consola/test/consola.test.js:<62,5>--<62,30>)","Fun(/home/osboxes/desynchronizer/codeql-home/codeql/javascript/tools/data/externs/nodejs/globals.js:<115,18>--<115,52>)"
"Callee(/home/osboxes/desynchronizer/consola/test/consola.test.js:<62,5>--<62,30>)","Fun(/home/osboxes/desynchronizer/codeql-home/codeql/javascript/tools/data/externs/nodejs/globals.js:<123,18>--<123,74>)"
"Callee(/home/osboxes/desynchronizer/consola/test/require.test.js:<1,1>--<48,2>)","Fun(/home/osboxes/desynchronizer/codeql-home/codeql/javascript/tools/data/externs/lib/bdd.js:<51,1>--<51,26>)"
"Callee(/home/osboxes/desynchronizer/consola/test/require.test.js:<1,1>--<48,2>)","Fun(/home/osboxes/desynchronizer/codeql-home/codeql/javascript/tools/data/externs/lib/jest.js:<38,1>--<38,37>)"
"Callee(/home/osboxes/desynchronizer/consola/test/require.test.js:<2,3>--<5,4>)","Fun(/home/osboxes/desynchronizer/codeql-home/codeql/javascript/tools/data/externs/lib/bdd.js:<33,1>--<33,27>)"
"Callee(/home/osboxes/desynchronizer/consola/test/require.test.js:<2,3>--<5,4>)","Fun(/home/osboxes/desynchronizer/codeql-home/codeql/javascript/tools/data/externs/lib/jest.js:<30,1>--<30,41>)"
"Callee(/home/osboxes/desynchronizer/consola/test/require.test.js:<4,5>--<4,23>)","Fun(/home/osboxes/desynchronizer/codeql-home/codeql/javascript/tools/data/externs/lib/jest.js:<164,17>--<164,30>)"
"Callee(/home/osboxes/desynchronizer/consola/test/require.test.js:<7,3>--<13,4>)","Fun(/home/osboxes/desynchronizer/codeql-home/codeql/javascript/tools/data/externs/lib/bdd.js:<90,1>--<90,22>)"
"Callee(/home/osboxes/desynchronizer/consola/test/require.test.js:<7,3>--<13,4>)","Fun(/home/osboxes/desynchronizer/codeql-home/codeql/javascript/tools/data/externs/lib/jest.js:<45,1>--<45,42>)"
"Callee(/home/osboxes/desynchronizer/consola/test/require.test.js:<9,5>--<9,23>)","Fun(/home/osboxes/desynchronizer/codeql-home/codeql/javascript/tools/data/externs/lib/jest.js:<164,17>--<164,30>)"
"Callee(/home/osboxes/desynchronizer/consola/test/require.test.js:<12,5>--<12,44>)","Fun(/home/osboxes/desynchronizer/codeql-home/codeql/javascript/tools/data/externs/lib/jest.js:<80,9>--<80,28>)"
"Callee(/home/osboxes/desynchronizer/consola/test/require.test.js:<12,5>--<12,33>)","Fun(/home/osboxes/desynchronizer/codeql-home/codeql/javascript/tools/data/externs/lib/bdd.js:<54,1>--<54,24>)"
"Callee(/home/osboxes/desynchronizer/consola/test/require.test.js:<12,5>--<12,33>)","Fun(/home/osboxes/desynchronizer/codeql-home/codeql/javascript/tools/data/externs/lib/jest.js:<61,1>--<61,26>)"
"Callee(/home/osboxes/desynchronizer/consola/test/require.test.js:<15,3>--<24,4>)","Fun(/home/osboxes/desynchronizer/codeql-home/codeql/javascript/tools/data/externs/lib/bdd.js:<90,1>--<90,22>)"
"Callee(/home/osboxes/desynchronizer/consola/test/require.test.js:<15,3>--<24,4>)","Fun(/home/osboxes/desynchronizer/codeql-home/codeql/javascript/tools/data/externs/lib/jest.js:<45,1>--<45,42>)"
"Callee(/home/osboxes/desynchronizer/consola/test/require.test.js:<22,5>--<22,45>)","Fun(/home/osboxes/desynchronizer/codeql-home/codeql/javascript/tools/data/externs/lib/jest.js:<80,9>--<80,28>)"
"Callee(/home/osboxes/desynchronizer/consola/test/require.test.js:<22,5>--<22,33>)","Fun(/home/osboxes/desynchronizer/codeql-home/codeql/javascript/tools/data/externs/lib/bdd.js:<54,1>--<54,24>)"
"Callee(/home/osboxes/desynchronizer/consola/test/require.test.js:<22,5>--<22,33>)","Fun(/home/osboxes/desynchronizer/codeql-home/codeql/javascript/tools/data/externs/lib/jest.js:<61,1>--<61,26>)"
"Callee(/home/osboxes/desynchronizer/consola/test/require.test.js:<23,5>--<23,51>)","Fun(/home/osboxes/desynchronizer/codeql-home/codeql/javascript/tools/data/externs/lib/jest.js:<80,9>--<80,28>)"
"Callee(/home/osboxes/desynchronizer/consola/test/require.test.js:<23,5>--<23,39>)","Fun(/home/osboxes/desynchronizer/codeql-home/codeql/javascript/tools/data/externs/lib/bdd.js:<54,1>--<54,24>)"
"Callee(/home/osboxes/desynchronizer/consola/test/require.test.js:<23,5>--<23,39>)","Fun(/home/osboxes/desynchronizer/codeql-home/codeql/javascript/tools/data/externs/lib/jest.js:<61,1>--<61,26>)"
"Callee(/home/osboxes/desynchronizer/consola/test/require.test.js:<26,3>--<33,4>)","Fun(/home/osboxes/desynchronizer/codeql-home/codeql/javascript/tools/data/externs/lib/bdd.js:<90,1>--<90,22>)"
"Callee(/home/osboxes/desynchronizer/consola/test/require.test.js:<26,3>--<33,4>)","Fun(/home/osboxes/desynchronizer/codeql-home/codeql/javascript/tools/data/externs/lib/jest.js:<45,1>--<45,42>)"
"Callee(/home/osboxes/desynchronizer/consola/test/require.test.js:<31,5>--<31,44>)","Fun(/home/osboxes/desynchronizer/codeql-home/codeql/javascript/tools/data/externs/lib/jest.js:<80,9>--<80,28>)"
"Callee(/home/osboxes/desynchronizer/consola/test/require.test.js:<31,5>--<31,33>)","Fun(/home/osboxes/desynchronizer/codeql-home/codeql/javascript/tools/data/externs/lib/bdd.js:<54,1>--<54,24>)"
"Callee(/home/osboxes/desynchronizer/consola/test/require.test.js:<31,5>--<31,33>)","Fun(/home/osboxes/desynchronizer/codeql-home/codeql/javascript/tools/data/externs/lib/jest.js:<61,1>--<61,26>)"
"Callee(/home/osboxes/desynchronizer/consola/test/require.test.js:<32,5>--<32,50>)","Fun(/home/osboxes/desynchronizer/codeql-home/codeql/javascript/tools/data/externs/lib/jest.js:<80,9>--<80,28>)"
"Callee(/home/osboxes/desynchronizer/consola/test/require.test.js:<32,5>--<32,39>)","Fun(/home/osboxes/desynchronizer/codeql-home/codeql/javascript/tools/data/externs/lib/bdd.js:<54,1>--<54,24>)"
"Callee(/home/osboxes/desynchronizer/consola/test/require.test.js:<32,5>--<32,39>)","Fun(/home/osboxes/desynchronizer/codeql-home/codeql/javascript/tools/data/externs/lib/jest.js:<61,1>--<61,26>)"
"Callee(/home/osboxes/desynchronizer/consola/test/require.test.js:<35,3>--<47,4>)","Fun(/home/osboxes/desynchronizer/codeql-home/codeql/javascript/tools/data/externs/lib/bdd.js:<90,1>--<90,22>)"
"Callee(/home/osboxes/desynchronizer/consola/test/require.test.js:<35,3>--<47,4>)","Fun(/home/osboxes/desynchronizer/codeql-home/codeql/javascript/tools/data/externs/lib/jest.js:<45,1>--<45,42>)"
"Callee(/home/osboxes/desynchronizer/consola/test/require.test.js:<37,5>--<37,40>)","Fun(/home/osboxes/desynchronizer/codeql-home/codeql/javascript/tools/data/externs/lib/jest.js:<80,9>--<80,28>)"
"Callee(/home/osboxes/desynchronizer/consola/test/require.test.js:<37,5>--<37,24>)","Fun(/home/osboxes/desynchronizer/codeql-home/codeql/javascript/tools/data/externs/lib/jest.js:<77,3>--<77,15>)"
"Callee(/home/osboxes/desynchronizer/consola/test/require.test.js:<37,5>--<37,20>)","Fun(/home/osboxes/desynchronizer/codeql-home/codeql/javascript/tools/data/externs/lib/bdd.js:<54,1>--<54,24>)"
"Callee(/home/osboxes/desynchronizer/consola/test/require.test.js:<37,5>--<37,20>)","Fun(/home/osboxes/desynchronizer/codeql-home/codeql/javascript/tools/data/externs/lib/jest.js:<61,1>--<61,26>)"
"Callee(/home/osboxes/desynchronizer/consola/test/require.test.js:<42,5>--<42,23>)","Fun(/home/osboxes/desynchronizer/codeql-home/codeql/javascript/tools/data/externs/lib/jest.js:<164,17>--<164,30>)"
"Callee(/home/osboxes/desynchronizer/consola/test/require.test.js:<45,5>--<45,44>)","Fun(/home/osboxes/desynchronizer/codeql-home/codeql/javascript/tools/data/externs/lib/jest.js:<80,9>--<80,28>)"
"Callee(/home/osboxes/desynchronizer/consola/test/require.test.js:<45,5>--<45,33>)","Fun(/home/osboxes/desynchronizer/codeql-home/codeql/javascript/tools/data/externs/lib/bdd.js:<54,1>--<54,24>)"
"Callee(/home/osboxes/desynchronizer/consola/test/require.test.js:<45,5>--<45,33>)","Fun(/home/osboxes/desynchronizer/codeql-home/codeql/javascript/tools/data/externs/lib/jest.js:<61,1>--<61,26>)"
"Callee(/home/osboxes/desynchronizer/consola/test/require.test.js:<46,5>--<46,50>)","Fun(/home/osboxes/desynchronizer/codeql-home/codeql/javascript/tools/data/externs/lib/jest.js:<80,9>--<80,28>)"
"Callee(/home/osboxes/desynchronizer/consola/test/require.test.js:<46,5>--<46,39>)","Fun(/home/osboxes/desynchronizer/codeql-home/codeql/javascript/tools/data/externs/lib/bdd.js:<54,1>--<54,24>)"
"Callee(/home/osboxes/desynchronizer/consola/test/require.test.js:<46,5>--<46,39>)","Fun(/home/osboxes/desynchronizer/codeql-home/codeql/javascript/tools/data/externs/lib/jest.js:<61,1>--<61,26>)"
"Callee(/home/osboxes/desynchronizer/consola/test/types/index.ts:<7,1>--<7,18>)","Fun(/home/osboxes/desynchronizer/codeql-home/codeql/javascript/tools/data/externs/nodejs/globals.js:<1949,26>--<1949,61>)"
"Callee(/home/osboxes/desynchronizer/consola/test/types/index.ts:<7,1>--<7,18>)","Fun(/home/osboxes/desynchronizer/codeql-home/codeql/javascript/tools/data/externs/nodejs/globals.js:<1955,26>--<1955,46>)"
